ticker,sector,final_weight,selected_lambda
XLK,Information Technology,0.0000000000,0.0100000000
XLV,Health Care,0.0000000000,0.0100000000
XLF,Financials,0.0000000000,0.0100000000
XLY,Consumer Discretionary,0.0000000000,0.0100000000
XLC,Communication Services,0.0000000000,0.0100000000
XLI,Industrials,0.0000000000,0.0100000000
XLP,Consumer Staples,0.1898635721,0.0100000000
XLE,Energy,0.8101364279,0.0100000000
XLU,Utilities,0.0000000000,0.0100000000
IYR,Real Estate,0.0000000000,0.0100000000
XLB,Materials,0.0000000000,0.0100000000
